"Command","ReplyLength","ReplyHex","ReplyAscii"
"AA","2","3F 3B","?;"
"AD","2","3F 3B","?;"
"AE","2","3F 3B","?;"
"AF","2","3F 3B","?;"
"AH","2","3F 3B","?;"
"AJ","2","3F 3B","?;"
"AK","2","3F 3B","?;"
"AL","2","3F 3B","?;"
"AP","2","3F 3B","?;"
"AQ","2","3F 3B","?;"
"AR","2","3F 3B","?;"
"AS","2","3F 3B","?;"
"AT","2","3F 3B","?;"
"AU","2","3F 3B","?;"
"AW","2","3F 3B","?;"
"AX","2","3F 3B","?;"
"AY","2","3F 3B","?;"
"AZ","2","3F 3B","?;"
"BB","2","3F 3B","?;"
"BE","2","3F 3B","?;"
"BF","2","3F 3B","?;"
"BG","2","3F 3B","?;"
"BH","2","3F 3B","?;"
"BJ","2","3F 3B","?;"
"BK","2","3F 3B","?;"
"BL","2","3F 3B","?;"
"BN","2","3F 3B","?;"
"BO","2","3F 3B","?;"
"BQ","2","3F 3B","?;"
"BR","2","3F 3B","?;"
"BT","2","3F 3B","?;"
"BV","2","3F 3B","?;"
"BX","2","3F 3B","?;"
"BZ","2","3F 3B","?;"
"CA","2","3F 3B","?;"
"CB","2","3F 3B","?;"
"CC","2","3F 3B","?;"
"CD","2","3F 3B","?;"
"CE","2","3F 3B","?;"
"CF","2","3F 3B","?;"
"CG","2","3F 3B","?;"
"CI","2","3F 3B","?;"
"CJ","2","3F 3B","?;"
"CK","2","3F 3B","?;"
"CL","2","3F 3B","?;"
"CM","2","3F 3B","?;"
"CP","2","3F 3B","?;"
"CQ","2","3F 3B","?;"
"CR","2","3F 3B","?;"
"CU","2","3F 3B","?;"
"CV","2","3F 3B","?;"
"CX","2","3F 3B","?;"
"CY","2","3F 3B","?;"
"CZ","2","3F 3B","?;"
"DB","2","3F 3B","?;"
"DC","2","3F 3B","?;"
"DD","2","3F 3B","?;"
"DE","2","3F 3B","?;"
"DF","2","3F 3B","?;"
"DG","2","3F 3B","?;"
"DH","2","3F 3B","?;"
"DI","2","3F 3B","?;"
"DJ","2","3F 3B","?;"
"DK","2","3F 3B","?;"
"DL","2","3F 3B","?;"
"DM","2","3F 3B","?;"
"DO","2","3F 3B","?;"
"DP","2","3F 3B","?;"
"DQ","2","3F 3B","?;"
"DR","2","3F 3B","?;"
"DS","2","3F 3B","?;"
"DU","2","3F 3B","?;"
"DV","2","3F 3B","?;"
"DW","2","3F 3B","?;"
"DX","2","3F 3B","?;"
"DY","2","3F 3B","?;"
"DZ","2","3F 3B","?;"
"EA","2","3F 3B","?;"
"EB","2","3F 3B","?;"
"EC","2","3F 3B","?;"
"EE","2","3F 3B","?;"
"EF","2","3F 3B","?;"
"EG","2","3F 3B","?;"
"EH","2","3F 3B","?;"
"EI","2","3F 3B","?;"
"EJ","2","3F 3B","?;"
"EK","0","",""
"EL","2","3F 3B","?;"
"EO","2","3F 3B","?;"
"EP","2","3F 3B","?;"
"EQ","2","3F 3B","?;"
"ER","2","3F 3B","?;"
"ES","2","3F 3B","?;"
"ET","2","3F 3B","?;"
"EV","2","3F 3B","?;"
"EW","2","3F 3B","?;"
"EY","2","3F 3B","?;"
"EZ","2","3F 3B","?;"
"FC","2","3F 3B","?;"
"FD","2","3F 3B","?;"
"FE","2","3F 3B","?;"
"FF","2","3F 3B","?;"
"FG","2","3F 3B","?;"
"FH","2","3F 3B","?;"
"FI","2","3F 3B","?;"
"FJ","2","3F 3B","?;"
"FK","2","3F 3B","?;"
"FL","2","3F 3B","?;"
"FO","2","3F 3B","?;"
"FP","2","3F 3B","?;"
"FQ","2","3F 3B","?;"
"FU","2","3F 3B","?;"
"FV","2","3F 3B","?;"
"FW","2","3F 3B","?;"
"FX","2","3F 3B","?;"
"FY","2","3F 3B","?;"
"FZ","2","3F 3B","?;"
"GA","2","3F 3B","?;"
"GB","2","3F 3B","?;"
"GC","2","3F 3B","?;"
"GD","2","3F 3B","?;"
"GE","2","3F 3B","?;"
"GF","2","3F 3B","?;"
"GG","2","3F 3B","?;"
"GH","2","3F 3B","?;"
"GI","2","3F 3B","?;"
"GJ","2","3F 3B","?;"
"GK","2","3F 3B","?;"
"GL","2","3F 3B","?;"
"GM","2","3F 3B","?;"
"GN","2","3F 3B","?;"
"GO","2","3F 3B","?;"
"GP","2","3F 3B","?;"
"GQ","2","3F 3B","?;"
"GR","2","3F 3B","?;"
"GS","2","3F 3B","?;"
"GU","2","3F 3B","?;"
"GV","2","3F 3B","?;"
"GW","2","3F 3B","?;"
"GX","2","3F 3B","?;"
"GY","2","3F 3B","?;"
"GZ","2","3F 3B","?;"
"HA","2","3F 3B","?;"
"HB","2","3F 3B","?;"
"HC","2","3F 3B","?;"
"HD","2","3F 3B","?;"
"HE","2","3F 3B","?;"
"HF","2","3F 3B","?;"
"HG","2","3F 3B","?;"
"HH","2","3F 3B","?;"
"HJ","2","3F 3B","?;"
"HK","2","3F 3B","?;"
"HL","2","3F 3B","?;"
"HM","2","3F 3B","?;"
"HN","2","3F 3B","?;"
"HO","2","3F 3B","?;"
"HP","2","3F 3B","?;"
"HQ","2","3F 3B","?;"
"HR","2","3F 3B","?;"
"HS","2","3F 3B","?;"
"HT","2","3F 3B","?;"
"HU","2","3F 3B","?;"
"HV","2","3F 3B","?;"
"HW","2","3F 3B","?;"
"HX","2","3F 3B","?;"
"HY","2","3F 3B","?;"
"HZ","2","3F 3B","?;"
"IA","2","3F 3B","?;"
"IB","2","3F 3B","?;"
"IC","2","3F 3B","?;"
"IE","2","3F 3B","?;"
"IG","2","3F 3B","?;"
"IH","2","3F 3B","?;"
"II","2","3F 3B","?;"
"IJ","2","3F 3B","?;"
"IK","2","3F 3B","?;"
"IL","2","3F 3B","?;"
"IM","2","3F 3B","?;"
"IO","2","3F 3B","?;"
"IP","2","3F 3B","?;"
"IQ","2","3F 3B","?;"
"IR","2","3F 3B","?;"
"IT","2","3F 3B","?;"
"IU","2","3F 3B","?;"
"IV","2","3F 3B","?;"
"IW","2","3F 3B","?;"
"IX","2","3F 3B","?;"
"IY","2","3F 3B","?;"
"IZ","2","3F 3B","?;"
"JA","2","3F 3B","?;"
"JB","2","3F 3B","?;"
"JC","2","3F 3B","?;"
"JD","2","3F 3B","?;"
"JE","2","3F 3B","?;"
"JF","2","3F 3B","?;"
"JG","2","3F 3B","?;"
"JH","2","3F 3B","?;"
"JI","2","3F 3B","?;"
"JJ","2","3F 3B","?;"
"JK","2","3F 3B","?;"
"JL","2","3F 3B","?;"
"JM","2","3F 3B","?;"
"JN","2","3F 3B","?;"
"JO","2","3F 3B","?;"
"JP","2","3F 3B","?;"
"JQ","2","3F 3B","?;"
"JR","2","3F 3B","?;"
"JS","2","3F 3B","?;"
"JT","2","3F 3B","?;"
"JU","2","3F 3B","?;"
"JV","2","3F 3B","?;"
"JW","2","3F 3B","?;"
"JX","2","3F 3B","?;"
"JY","2","3F 3B","?;"
"JZ","2","3F 3B","?;"
"KA","2","3F 3B","?;"
"KB","2","3F 3B","?;"
"KC","2","3F 3B","?;"
"KD","2","3F 3B","?;"
"KE","2","3F 3B","?;"
"KF","2","3F 3B","?;"
"KG","2","3F 3B","?;"
"KH","2","3F 3B","?;"
"KI","2","3F 3B","?;"
"KJ","2","3F 3B","?;"
"KK","2","3F 3B","?;"
"KL","2","3F 3B","?;"
"KN","2","3F 3B","?;"
"KO","2","3F 3B","?;"
"KQ","2","3F 3B","?;"
"KT","2","3F 3B","?;"
"KU","2","3F 3B","?;"
"KV","2","3F 3B","?;"
"KW","2","3F 3B","?;"
"KX","2","3F 3B","?;"
"KZ","2","3F 3B","?;"
"LA","2","3F 3B","?;"
"LB","2","3F 3B","?;"
"LC","2","3F 3B","?;"
"LD","2","3F 3B","?;"
"LE","2","3F 3B","?;"
"LG","2","3F 3B","?;"
"LH","2","3F 3B","?;"
"LI","2","3F 3B","?;"
"LJ","2","3F 3B","?;"
"LL","2","3F 3B","?;"
"LN","2","3F 3B","?;"
"LO","2","3F 3B","?;"
"LP","2","3F 3B","?;"
"LQ","2","3F 3B","?;"
"LR","2","3F 3B","?;"
"LS","2","3F 3B","?;"
"LT","2","3F 3B","?;"
"LU","2","3F 3B","?;"
"LV","2","3F 3B","?;"
"LW","2","3F 3B","?;"
"LX","2","3F 3B","?;"
"LY","2","3F 3B","?;"
"LZ","2","3F 3B","?;"
"ME","2","3F 3B","?;"
"MF","2","3F 3B","?;"
"MH","2","3F 3B","?;"
"MI","2","3F 3B","?;"
"MJ","2","3F 3B","?;"
"MK","2","3F 3B","?;"
"MM","2","3F 3B","?;"
"MN","2","3F 3B","?;"
"MO","2","3F 3B","?;"
"MP","2","3F 3B","?;"
"MQ","2","3F 3B","?;"
"MU","2","3F 3B","?;"
"MV","2","3F 3B","?;"
"MY","2","3F 3B","?;"
"MZ","2","3F 3B","?;"
"NC","2","3F 3B","?;"
"ND","2","3F 3B","?;"
"NE","2","3F 3B","?;"
"NF","2","3F 3B","?;"
"NG","2","3F 3B","?;"
"NH","2","3F 3B","?;"
"NI","2","3F 3B","?;"
"NJ","2","3F 3B","?;"
"NK","2","3F 3B","?;"
"NM","2","3F 3B","?;"
"NN","2","3F 3B","?;"
"NO","2","3F 3B","?;"
"NP","2","3F 3B","?;"
"NQ","2","3F 3B","?;"
"NS","2","3F 3B","?;"
"NT","2","3F 3B","?;"
"NU","2","3F 3B","?;"
"NV","2","3F 3B","?;"
"NW","2","3F 3B","?;"
"NX","2","3F 3B","?;"
"NY","2","3F 3B","?;"
"NZ","2","3F 3B","?;"
"OA","2","3F 3B","?;"
"OB","2","3F 3B","?;"
"OC","2","3F 3B","?;"
"OD","2","3F 3B","?;"
"OE","2","3F 3B","?;"
"OF","2","3F 3B","?;"
"OG","2","3F 3B","?;"
"OH","2","3F 3B","?;"
"OJ","2","3F 3B","?;"
"OK","2","3F 3B","?;"
"OL","2","3F 3B","?;"
"OM","2","3F 3B","?;"
"OO","2","3F 3B","?;"
"OP","2","3F 3B","?;"
"OQ","2","3F 3B","?;"
"OR","2","3F 3B","?;"
"OT","2","3F 3B","?;"
"OU","2","3F 3B","?;"
"OV","2","3F 3B","?;"
"OW","2","3F 3B","?;"
"OX","2","3F 3B","?;"
"OY","2","3F 3B","?;"
"OZ","2","3F 3B","?;"
"PD","2","3F 3B","?;"
"PE","2","3F 3B","?;"
"PF","2","3F 3B","?;"
"PG","2","3F 3B","?;"
"PH","2","3F 3B","?;"
"PI","2","3F 3B","?;"
"PJ","2","3F 3B","?;"
"PK","2","3F 3B","?;"
"PM","2","3F 3B","?;"
"PN","2","3F 3B","?;"
"PO","2","3F 3B","?;"
"PP","2","3F 3B","?;"
"PQ","2","3F 3B","?;"
"PT","2","3F 3B","?;"
"PU","2","3F 3B","?;"
"PV","2","3F 3B","?;"
"PW","2","3F 3B","?;"
"PX","2","3F 3B","?;"
"PY","2","3F 3B","?;"
"PZ","2","3F 3B","?;"
"QA","2","3F 3B","?;"
"QB","2","3F 3B","?;"
"QC","2","3F 3B","?;"
"QD","2","3F 3B","?;"
"QE","2","3F 3B","?;"
"QF","2","3F 3B","?;"
"QG","2","3F 3B","?;"
"QH","2","3F 3B","?;"
"QJ","2","3F 3B","?;"
"QK","2","3F 3B","?;"
"QL","2","3F 3B","?;"
"QM","2","3F 3B","?;"
"QN","2","3F 3B","?;"
"QO","2","3F 3B","?;"
"QP","2","3F 3B","?;"
"QQ","2","3F 3B","?;"
"QT","2","3F 3B","?;"
"QU","2","3F 3B","?;"
"QV","2","3F 3B","?;"
"QW","2","3F 3B","?;"
"QX","2","3F 3B","?;"
"QY","2","3F 3B","?;"
"QZ","2","3F 3B","?;"
"RB","2","3F 3B","?;"
"RE","2","3F 3B","?;"
"RH","2","3F 3B","?;"
"RJ","2","3F 3B","?;"
"RK","2","3F 3B","?;"
"RN","2","3F 3B","?;"
"RO","2","3F 3B","?;"
"RP","2","3F 3B","?;"
"RQ","2","3F 3B","?;"
"RR","2","3F 3B","?;"
"RV","2","3F 3B","?;"
"RW","2","3F 3B","?;"
"RY","2","3F 3B","?;"
"RZ","2","3F 3B","?;"
"SA","2","3F 3B","?;"
"SB","2","3F 3B","?;"
"SE","2","3F 3B","?;"
"SG","2","3F 3B","?;"
"SI","2","3F 3B","?;"
"SJ","2","3F 3B","?;"
"SK","2","3F 3B","?;"
"SL","2","3F 3B","?;"
"SN","2","3F 3B","?;"
"SO","2","3F 3B","?;"
"SP","0","",""
"SR","2","3F 3B","?;"
"SU","2","3F 3B","?;"
"SX","2","3F 3B","?;"
"SZ","2","3F 3B","?;"
"TA","2","3F 3B","?;"
"TB","2","3F 3B","?;"
"TC","2","3F 3B","?;"
"TD","2","3F 3B","?;"
"TE","2","3F 3B","?;"
"TF","2","3F 3B","?;"
"TG","2","3F 3B","?;"
"TH","2","3F 3B","?;"
"TI","2","3F 3B","?;"
"TJ","2","3F 3B","?;"
"TK","2","3F 3B","?;"
"TL","2","3F 3B","?;"
"TM","2","3F 3B","?;"
"TN","2","3F 3B","?;"
"TO","2","3F 3B","?;"
"TP","2","3F 3B","?;"
"TQ","2","3F 3B","?;"
"TR","2","3F 3B","?;"
"TS","2","3F 3B","?;"
"TT","2","3F 3B","?;"
"TU","2","3F 3B","?;"
"TV","2","3F 3B","?;"
"TW","2","3F 3B","?;"
"TY","2","3F 3B","?;"
"TZ","2","3F 3B","?;"
"UA","2","3F 3B","?;"
"UB","2","3F 3B","?;"
"UC","2","3F 3B","?;"
"UD","2","3F 3B","?;"
"UE","2","3F 3B","?;"
"UF","2","3F 3B","?;"
"UG","2","3F 3B","?;"
"UH","2","3F 3B","?;"
"UI","2","3F 3B","?;"
"UJ","2","3F 3B","?;"
"UM","2","3F 3B","?;"
"UN","2","3F 3B","?;"
"UO","2","3F 3B","?;"
"UQ","2","3F 3B","?;"
"UR","2","3F 3B","?;"
"UT","2","3F 3B","?;"
"UU","2","3F 3B","?;"
"UV","2","3F 3B","?;"
"UW","2","3F 3B","?;"
"UX","2","3F 3B","?;"
"UY","2","3F 3B","?;"
"UZ","2","3F 3B","?;"
"VA","2","3F 3B","?;"
"VB","2","3F 3B","?;"
"VC","2","3F 3B","?;"
"VE","2","3F 3B","?;"
"VF","2","3F 3B","?;"
"VH","2","3F 3B","?;"
"VI","2","3F 3B","?;"
"VJ","2","3F 3B","?;"
"VK","2","3F 3B","?;"
"VL","2","3F 3B","?;"
"VN","2","3F 3B","?;"
"VO","2","3F 3B","?;"
"VP","2","3F 3B","?;"
"VQ","2","3F 3B","?;"
"VU","2","3F 3B","?;"
"VV","2","3F 3B","?;"
"VW","2","3F 3B","?;"
"VY","2","3F 3B","?;"
"VZ","2","3F 3B","?;"
"WA","2","3F 3B","?;"
"WB","2","3F 3B","?;"
"WC","2","3F 3B","?;"
"WD","2","3F 3B","?;"
"WE","2","3F 3B","?;"
"WF","2","3F 3B","?;"
"WG","2","3F 3B","?;"
"WH","2","3F 3B","?;"
"WI","2","3F 3B","?;"
"WJ","2","3F 3B","?;"
"WK","2","3F 3B","?;"
"WL","2","3F 3B","?;"
"WM","2","3F 3B","?;"
"WN","2","3F 3B","?;"
"WO","2","3F 3B","?;"
"WP","2","3F 3B","?;"
"WQ","2","3F 3B","?;"
"WR","2","3F 3B","?;"
"WS","2","3F 3B","?;"
"WT","2","3F 3B","?;"
"WU","2","3F 3B","?;"
"WV","2","3F 3B","?;"
"WW","2","3F 3B","?;"
"WX","2","3F 3B","?;"
"WY","2","3F 3B","?;"
"WZ","2","3F 3B","?;"
"XA","2","3F 3B","?;"
"XB","2","3F 3B","?;"
"XC","2","3F 3B","?;"
"XD","2","3F 3B","?;"
"XE","2","3F 3B","?;"
"XF","2","3F 3B","?;"
"XG","2","3F 3B","?;"
"XH","2","3F 3B","?;"
"XI","2","3F 3B","?;"
"XJ","2","3F 3B","?;"
"XK","2","3F 3B","?;"
"XL","2","3F 3B","?;"
"XM","2","3F 3B","?;"
"XN","2","3F 3B","?;"
"XO","2","3F 3B","?;"
"XP","2","3F 3B","?;"
"XQ","2","3F 3B","?;"
"XR","2","3F 3B","?;"
"XS","2","3F 3B","?;"
"XU","2","3F 3B","?;"
"XV","2","3F 3B","?;"
"XW","2","3F 3B","?;"
"XX","2","3F 3B","?;"
"XY","2","3F 3B","?;"
"XZ","2","3F 3B","?;"
"YA","2","3F 3B","?;"
"YB","2","3F 3B","?;"
"YC","2","3F 3B","?;"
"YD","2","3F 3B","?;"
"YE","2","3F 3B","?;"
"YF","2","3F 3B","?;"
"YG","2","3F 3B","?;"
"YH","2","3F 3B","?;"
"YI","2","3F 3B","?;"
"YJ","2","3F 3B","?;"
"YK","2","3F 3B","?;"
"YL","2","3F 3B","?;"
"YM","2","3F 3B","?;"
"YN","2","3F 3B","?;"
"YO","2","3F 3B","?;"
"YP","2","3F 3B","?;"
"YQ","2","3F 3B","?;"
"YR","2","3F 3B","?;"
"YS","2","3F 3B","?;"
"YT","2","3F 3B","?;"
"YU","2","3F 3B","?;"
"YV","2","3F 3B","?;"
"YW","2","3F 3B","?;"
"YX","2","3F 3B","?;"
"YY","2","3F 3B","?;"
"YZ","2","3F 3B","?;"
"ZA","2","3F 3B","?;"
"ZB","2","3F 3B","?;"
"ZC","2","3F 3B","?;"
"ZD","2","3F 3B","?;"
"ZE","2","3F 3B","?;"
"ZF","2","3F 3B","?;"
"ZG","2","3F 3B","?;"
"ZH","2","3F 3B","?;"
"ZJ","2","3F 3B","?;"
"ZK","2","3F 3B","?;"
"ZL","2","3F 3B","?;"
"ZM","2","3F 3B","?;"
"ZN","2","3F 3B","?;"
"ZO","2","3F 3B","?;"
"ZP","2","3F 3B","?;"
"ZQ","2","3F 3B","?;"
"ZR","2","3F 3B","?;"
"ZS","2","3F 3B","?;"
"ZT","2","3F 3B","?;"
"ZU","2","3F 3B","?;"
"ZV","2","3F 3B","?;"
"ZW","2","3F 3B","?;"
"ZX","2","3F 3B","?;"
"ZY","2","3F 3B","?;"
"ZZ","2","3F 3B","?;"
